{
    "Logistic Regression (No FS)": {
        "Accuracy": 0.9736842105263158,
        "Precision": 0.9761904761904762,
        "Recall": 0.9534883720930233,
        "F1-Score": 0.9647058823529412,
        "Confusion Matrix": [
            [
                70,
                1
            ],
            [
                2,
                41
            ]
        ]
    },
    "Random Forest (No FS)": {
        "Accuracy": 0.9649122807017544,
        "Precision": 0.975609756097561,
        "Recall": 0.9302325581395349,
        "F1-Score": 0.9523809523809523,
        "Confusion Matrix": [
            [
                70,
                1
            ],
            [
                3,
                40
            ]
        ]
    },
    "Logistic Regression (With FS)": {
        "Accuracy": 0.9649122807017544,
        "Precision": 0.9534883720930233,
        "Recall": 0.9534883720930233,
        "F1-Score": 0.9534883720930233,
        "Confusion Matrix": [
            [
                69,
                2
            ],
            [
                2,
                41
            ]
        ]
    },
    "Random Forest (With FS)": {
        "Accuracy": 0.956140350877193,
        "Precision": 0.9523809523809523,
        "Recall": 0.9302325581395349,
        "F1-Score": 0.9411764705882353,
        "Confusion Matrix": [
            [
                69,
                2
            ],
            [
                3,
                40
            ]
        ]
    }
}